pair_id,label,class_dir,disaster,disaster_type,pre_image,post_image,pre_json,post_json,building_count,no_damage_buildings,minor_damage_buildings,major_damage_buildings,destroyed_buildings
hurricane-florence_00000462,major-damage,major_damage,hurricane-florence,flooding,Full dataset\train\train\images\hurricane-florence_00000462_pre_disaster.png,Full dataset\train\train\images\hurricane-florence_00000462_post_disaster.png,Full dataset\train\train\labels\hurricane-florence_00000462_pre_disaster.json,Full dataset\train\train\labels\hurricane-florence_00000462_post_disaster.json,27,0,0,27,0
midwest-flooding_00000181,major-damage,major_damage,midwest-flooding,flooding,Full dataset\train\train\images\midwest-flooding_00000181_pre_disaster.png,Full dataset\train\train\images\midwest-flooding_00000181_post_disaster.png,Full dataset\train\train\labels\midwest-flooding_00000181_pre_disaster.json,Full dataset\train\train\labels\midwest-flooding_00000181_post_disaster.json,32,19,1,12,0
hurricane-florence_00000428,major-damage,major_damage,hurricane-florence,flooding,Full dataset\train\train\images\hurricane-florence_00000428_pre_disaster.png,Full dataset\train\train\images\hurricane-florence_00000428_post_disaster.png,Full dataset\train\train\labels\hurricane-florence_00000428_pre_disaster.json,Full dataset\train\train\labels\hurricane-florence_00000428_post_disaster.json,42,0,0,42,0
hurricane-harvey_00000467,major-damage,major_damage,hurricane-harvey,flooding,Full dataset\train\train\images\hurricane-harvey_00000467_pre_disaster.png,Full dataset\train\train\images\hurricane-harvey_00000467_post_disaster.png,Full dataset\train\train\labels\hurricane-harvey_00000467_pre_disaster.json,Full dataset\train\train\labels\hurricane-harvey_00000467_post_disaster.json,220,50,85,85,0
hurricane-florence_00000472,major-damage,major_damage,hurricane-florence,flooding,Full dataset\train\train\images\hurricane-florence_00000472_pre_disaster.png,Full dataset\train\train\images\hurricane-florence_00000472_post_disaster.png,Full dataset\train\train\labels\hurricane-florence_00000472_pre_disaster.json,Full dataset\train\train\labels\hurricane-florence_00000472_post_disaster.json,29,18,5,6,0
hurricane-florence_00000381,major-damage,major_damage,hurricane-florence,flooding,Full dataset\train\train\images\hurricane-florence_00000381_pre_disaster.png,Full dataset\train\train\images\hurricane-florence_00000381_post_disaster.png,Full dataset\train\train\labels\hurricane-florence_00000381_pre_disaster.json,Full dataset\train\train\labels\hurricane-florence_00000381_post_disaster.json,7,0,1,6,0
hurricane-matthew_00000039,major-damage,major_damage,hurricane-matthew,wind,Full dataset\train\train\images\hurricane-matthew_00000039_pre_disaster.png,Full dataset\train\train\images\hurricane-matthew_00000039_post_disaster.png,Full dataset\train\train\labels\hurricane-matthew_00000039_pre_disaster.json,Full dataset\train\train\labels\hurricane-matthew_00000039_post_disaster.json,114,86,22,6,0
hurricane-florence_00000055,major-damage,major_damage,hurricane-florence,flooding,Full dataset\train\train\images\hurricane-florence_00000055_pre_disaster.png,Full dataset\train\train\images\hurricane-florence_00000055_post_disaster.png,Full dataset\train\train\labels\hurricane-florence_00000055_pre_disaster.json,Full dataset\train\train\labels\hurricane-florence_00000055_post_disaster.json,8,1,2,5,0
hurricane-harvey_00000137,major-damage,major_damage,hurricane-harvey,flooding,Full dataset\train\train\images\hurricane-harvey_00000137_pre_disaster.png,Full dataset\train\train\images\hurricane-harvey_00000137_post_disaster.png,Full dataset\train\train\labels\hurricane-harvey_00000137_pre_disaster.json,Full dataset\train\train\labels\hurricane-harvey_00000137_post_disaster.json,252,0,19,233,0
hurricane-florence_00000401,major-damage,major_damage,hurricane-florence,flooding,Full dataset\train\train\images\hurricane-florence_00000401_pre_disaster.png,Full dataset\train\train\images\hurricane-florence_00000401_post_disaster.png,Full dataset\train\train\labels\hurricane-florence_00000401_pre_disaster.json,Full dataset\train\train\labels\hurricane-florence_00000401_post_disaster.json,6,0,0,6,0
hurricane-michael_00000509,major-damage,major_damage,hurricane-michael,wind,Full dataset\train\train\images\hurricane-michael_00000509_pre_disaster.png,Full dataset\train\train\images\hurricane-michael_00000509_post_disaster.png,Full dataset\train\train\labels\hurricane-michael_00000509_pre_disaster.json,Full dataset\train\train\labels\hurricane-michael_00000509_post_disaster.json,125,112,6,7,0
hurricane-florence_00000072,major-damage,major_damage,hurricane-florence,flooding,Full dataset\train\train\images\hurricane-florence_00000072_pre_disaster.png,Full dataset\train\train\images\hurricane-florence_00000072_post_disaster.png,Full dataset\train\train\labels\hurricane-florence_00000072_pre_disaster.json,Full dataset\train\train\labels\hurricane-florence_00000072_post_disaster.json,5,0,0,5,0
hurricane-harvey_00000144,major-damage,major_damage,hurricane-harvey,flooding,Full dataset\train\train\images\hurricane-harvey_00000144_pre_disaster.png,Full dataset\train\train\images\hurricane-harvey_00000144_post_disaster.png,Full dataset\train\train\labels\hurricane-harvey_00000144_pre_disaster.json,Full dataset\train\train\labels\hurricane-harvey_00000144_post_disaster.json,12,0,6,6,0
hurricane-harvey_00000238,major-damage,major_damage,hurricane-harvey,flooding,Full dataset\train\train\images\hurricane-harvey_00000238_pre_disaster.png,Full dataset\train\train\images\hurricane-harvey_00000238_post_disaster.png,Full dataset\train\train\labels\hurricane-harvey_00000238_pre_disaster.json,Full dataset\train\train\labels\hurricane-harvey_00000238_post_disaster.json,33,22,4,7,0
hurricane-florence_00000390,major-damage,major_damage,hurricane-florence,flooding,Full dataset\train\train\images\hurricane-florence_00000390_pre_disaster.png,Full dataset\train\train\images\hurricane-florence_00000390_post_disaster.png,Full dataset\train\train\labels\hurricane-florence_00000390_pre_disaster.json,Full dataset\train\train\labels\hurricane-florence_00000390_post_disaster.json,7,0,1,6,0
hurricane-michael_00000056,major-damage,major_damage,hurricane-michael,wind,Full dataset\train\train\images\hurricane-michael_00000056_pre_disaster.png,Full dataset\train\train\images\hurricane-michael_00000056_post_disaster.png,Full dataset\train\train\labels\hurricane-michael_00000056_pre_disaster.json,Full dataset\train\train\labels\hurricane-michael_00000056_post_disaster.json,57,44,9,4,0
midwest-flooding_00000416,major-damage,major_damage,midwest-flooding,flooding,Full dataset\train\train\images\midwest-flooding_00000416_pre_disaster.png,Full dataset\train\train\images\midwest-flooding_00000416_post_disaster.png,Full dataset\train\train\labels\midwest-flooding_00000416_pre_disaster.json,Full dataset\train\train\labels\midwest-flooding_00000416_post_disaster.json,18,15,2,1,0
hurricane-harvey_00000299,major-damage,major_damage,hurricane-harvey,flooding,Full dataset\train\train\images\hurricane-harvey_00000299_pre_disaster.png,Full dataset\train\train\images\hurricane-harvey_00000299_post_disaster.png,Full dataset\train\train\labels\hurricane-harvey_00000299_pre_disaster.json,Full dataset\train\train\labels\hurricane-harvey_00000299_post_disaster.json,1,0,0,1,0
hurricane-harvey_00000000,major-damage,major_damage,hurricane-harvey,flooding,Full dataset\train\train\images\hurricane-harvey_00000000_pre_disaster.png,Full dataset\train\train\images\hurricane-harvey_00000000_post_disaster.png,Full dataset\train\train\labels\hurricane-harvey_00000000_pre_disaster.json,Full dataset\train\train\labels\hurricane-harvey_00000000_post_disaster.json,30,0,23,7,0
hurricane-florence_00000514,major-damage,major_damage,hurricane-florence,flooding,Full dataset\train\train\images\hurricane-florence_00000514_pre_disaster.png,Full dataset\train\train\images\hurricane-florence_00000514_post_disaster.png,Full dataset\train\train\labels\hurricane-florence_00000514_pre_disaster.json,Full dataset\train\train\labels\hurricane-florence_00000514_post_disaster.json,4,0,0,4,0
mexico-earthquake_00000108,major-damage,major_damage,mexico-earthquake,earthquake,Full dataset\train\train\images\mexico-earthquake_00000108_pre_disaster.png,Full dataset\train\train\images\mexico-earthquake_00000108_post_disaster.png,Full dataset\train\train\labels\mexico-earthquake_00000108_pre_disaster.json,Full dataset\train\train\labels\mexico-earthquake_00000108_post_disaster.json,143,138,4,1,0
hurricane-harvey_00000136,major-damage,major_damage,hurricane-harvey,flooding,Full dataset\train\train\images\hurricane-harvey_00000136_pre_disaster.png,Full dataset\train\train\images\hurricane-harvey_00000136_post_disaster.png,Full dataset\train\train\labels\hurricane-harvey_00000136_pre_disaster.json,Full dataset\train\train\labels\hurricane-harvey_00000136_post_disaster.json,6,0,0,6,0
hurricane-florence_00000425,major-damage,major_damage,hurricane-florence,flooding,Full dataset\train\train\images\hurricane-florence_00000425_pre_disaster.png,Full dataset\train\train\images\hurricane-florence_00000425_post_disaster.png,Full dataset\train\train\labels\hurricane-florence_00000425_pre_disaster.json,Full dataset\train\train\labels\hurricane-florence_00000425_post_disaster.json,17,15,0,2,0
hurricane-michael_00000220,major-damage,major_damage,hurricane-michael,wind,Full dataset\train\train\images\hurricane-michael_00000220_pre_disaster.png,Full dataset\train\train\images\hurricane-michael_00000220_post_disaster.png,Full dataset\train\train\labels\hurricane-michael_00000220_pre_disaster.json,Full dataset\train\train\labels\hurricane-michael_00000220_post_disaster.json,71,53,14,4,0
midwest-flooding_00000395,major-damage,major_damage,midwest-flooding,flooding,Full dataset\train\train\images\midwest-flooding_00000395_pre_disaster.png,Full dataset\train\train\images\midwest-flooding_00000395_post_disaster.png,Full dataset\train\train\labels\midwest-flooding_00000395_pre_disaster.json,Full dataset\train\train\labels\midwest-flooding_00000395_post_disaster.json,3,1,1,1,0
hurricane-harvey_00000332,major-damage,major_damage,hurricane-harvey,flooding,Full dataset\train\train\images\hurricane-harvey_00000332_pre_disaster.png,Full dataset\train\train\images\hurricane-harvey_00000332_post_disaster.png,Full dataset\train\train\labels\hurricane-harvey_00000332_pre_disaster.json,Full dataset\train\train\labels\hurricane-harvey_00000332_post_disaster.json,5,0,0,5,0
hurricane-florence_00000083,major-damage,major_damage,hurricane-florence,flooding,Full dataset\train\train\images\hurricane-florence_00000083_pre_disaster.png,Full dataset\train\train\images\hurricane-florence_00000083_post_disaster.png,Full dataset\train\train\labels\hurricane-florence_00000083_pre_disaster.json,Full dataset\train\train\labels\hurricane-florence_00000083_post_disaster.json,4,0,0,4,0
midwest-flooding_00000206,major-damage,major_damage,midwest-flooding,flooding,Full dataset\train\train\images\midwest-flooding_00000206_pre_disaster.png,Full dataset\train\train\images\midwest-flooding_00000206_post_disaster.png,Full dataset\train\train\labels\midwest-flooding_00000206_pre_disaster.json,Full dataset\train\train\labels\midwest-flooding_00000206_post_disaster.json,14,11,1,2,0
hurricane-florence_00000438,major-damage,major_damage,hurricane-florence,flooding,Full dataset\train\train\images\hurricane-florence_00000438_pre_disaster.png,Full dataset\train\train\images\hurricane-florence_00000438_post_disaster.png,Full dataset\train\train\labels\hurricane-florence_00000438_pre_disaster.json,Full dataset\train\train\labels\hurricane-florence_00000438_post_disaster.json,7,0,0,7,0
hurricane-florence_00000470,major-damage,major_damage,hurricane-florence,flooding,Full dataset\train\train\images\hurricane-florence_00000470_pre_disaster.png,Full dataset\train\train\images\hurricane-florence_00000470_post_disaster.png,Full dataset\train\train\labels\hurricane-florence_00000470_pre_disaster.json,Full dataset\train\train\labels\hurricane-florence_00000470_post_disaster.json,18,0,0,18,0
hurricane-florence_00000453,major-damage,major_damage,hurricane-florence,flooding,Full dataset\train\train\images\hurricane-florence_00000453_pre_disaster.png,Full dataset\train\train\images\hurricane-florence_00000453_post_disaster.png,Full dataset\train\train\labels\hurricane-florence_00000453_pre_disaster.json,Full dataset\train\train\labels\hurricane-florence_00000453_post_disaster.json,8,0,0,8,0
santa-rosa-wildfire_00000168,major-damage,major_damage,santa-rosa-wildfire,fire,Full dataset\train\train\images\santa-rosa-wildfire_00000168_pre_disaster.png,Full dataset\train\train\images\santa-rosa-wildfire_00000168_post_disaster.png,Full dataset\train\train\labels\santa-rosa-wildfire_00000168_pre_disaster.json,Full dataset\train\train\labels\santa-rosa-wildfire_00000168_post_disaster.json,19,12,4,3,0
hurricane-harvey_00000429,major-damage,major_damage,hurricane-harvey,flooding,Full dataset\train\train\images\hurricane-harvey_00000429_pre_disaster.png,Full dataset\train\train\images\hurricane-harvey_00000429_post_disaster.png,Full dataset\train\train\labels\hurricane-harvey_00000429_pre_disaster.json,Full dataset\train\train\labels\hurricane-harvey_00000429_post_disaster.json,184,0,12,172,0
midwest-flooding_00000170,major-damage,major_damage,midwest-flooding,flooding,Full dataset\train\train\images\midwest-flooding_00000170_pre_disaster.png,Full dataset\train\train\images\midwest-flooding_00000170_post_disaster.png,Full dataset\train\train\labels\midwest-flooding_00000170_pre_disaster.json,Full dataset\train\train\labels\midwest-flooding_00000170_post_disaster.json,19,14,4,1,0
hurricane-michael_00000499,major-damage,major_damage,hurricane-michael,wind,Full dataset\train\train\images\hurricane-michael_00000499_pre_disaster.png,Full dataset\train\train\images\hurricane-michael_00000499_post_disaster.png,Full dataset\train\train\labels\hurricane-michael_00000499_pre_disaster.json,Full dataset\train\train\labels\hurricane-michael_00000499_post_disaster.json,111,84,19,8,0
hurricane-florence_00000469,major-damage,major_damage,hurricane-florence,flooding,Full dataset\train\train\images\hurricane-florence_00000469_pre_disaster.png,Full dataset\train\train\images\hurricane-florence_00000469_post_disaster.png,Full dataset\train\train\labels\hurricane-florence_00000469_pre_disaster.json,Full dataset\train\train\labels\hurricane-florence_00000469_post_disaster.json,1,0,0,1,0
hurricane-harvey_00000329,major-damage,major_damage,hurricane-harvey,flooding,Full dataset\train\train\images\hurricane-harvey_00000329_pre_disaster.png,Full dataset\train\train\images\hurricane-harvey_00000329_post_disaster.png,Full dataset\train\train\labels\hurricane-harvey_00000329_pre_disaster.json,Full dataset\train\train\labels\hurricane-harvey_00000329_post_disaster.json,15,0,0,15,0
hurricane-florence_00000086,major-damage,major_damage,hurricane-florence,flooding,Full dataset\train\train\images\hurricane-florence_00000086_pre_disaster.png,Full dataset\train\train\images\hurricane-florence_00000086_post_disaster.png,Full dataset\train\train\labels\hurricane-florence_00000086_pre_disaster.json,Full dataset\train\train\labels\hurricane-florence_00000086_post_disaster.json,7,1,0,6,0
hurricane-harvey_00000272,major-damage,major_damage,hurricane-harvey,flooding,Full dataset\train\train\images\hurricane-harvey_00000272_pre_disaster.png,Full dataset\train\train\images\hurricane-harvey_00000272_post_disaster.png,Full dataset\train\train\labels\hurricane-harvey_00000272_pre_disaster.json,Full dataset\train\train\labels\hurricane-harvey_00000272_post_disaster.json,4,0,1,3,0
hurricane-michael_00000234,major-damage,major_damage,hurricane-michael,wind,Full dataset\train\train\images\hurricane-michael_00000234_pre_disaster.png,Full dataset\train\train\images\hurricane-michael_00000234_post_disaster.png,Full dataset\train\train\labels\hurricane-michael_00000234_pre_disaster.json,Full dataset\train\train\labels\hurricane-michael_00000234_post_disaster.json,24,19,4,1,0
hurricane-florence_00000481,major-damage,major_damage,hurricane-florence,flooding,Full dataset\train\train\images\hurricane-florence_00000481_pre_disaster.png,Full dataset\train\train\images\hurricane-florence_00000481_post_disaster.png,Full dataset\train\train\labels\hurricane-florence_00000481_pre_disaster.json,Full dataset\train\train\labels\hurricane-florence_00000481_post_disaster.json,15,0,0,15,0
hurricane-florence_00000192,major-damage,major_damage,hurricane-florence,flooding,Full dataset\train\train\images\hurricane-florence_00000192_pre_disaster.png,Full dataset\train\train\images\hurricane-florence_00000192_post_disaster.png,Full dataset\train\train\labels\hurricane-florence_00000192_pre_disaster.json,Full dataset\train\train\labels\hurricane-florence_00000192_post_disaster.json,3,0,0,3,0
hurricane-harvey_00000507,major-damage,major_damage,hurricane-harvey,flooding,Full dataset\train\train\images\hurricane-harvey_00000507_pre_disaster.png,Full dataset\train\train\images\hurricane-harvey_00000507_post_disaster.png,Full dataset\train\train\labels\hurricane-harvey_00000507_pre_disaster.json,Full dataset\train\train\labels\hurricane-harvey_00000507_post_disaster.json,156,0,68,88,0
hurricane-michael_00000049,major-damage,major_damage,hurricane-michael,wind,Full dataset\train\train\images\hurricane-michael_00000049_pre_disaster.png,Full dataset\train\train\images\hurricane-michael_00000049_post_disaster.png,Full dataset\train\train\labels\hurricane-michael_00000049_pre_disaster.json,Full dataset\train\train\labels\hurricane-michael_00000049_post_disaster.json,116,81,26,9,0
hurricane-florence_00000419,major-damage,major_damage,hurricane-florence,flooding,Full dataset\train\train\images\hurricane-florence_00000419_pre_disaster.png,Full dataset\train\train\images\hurricane-florence_00000419_post_disaster.png,Full dataset\train\train\labels\hurricane-florence_00000419_pre_disaster.json,Full dataset\train\train\labels\hurricane-florence_00000419_post_disaster.json,6,0,0,6,0
hurricane-michael_00000388,major-damage,major_damage,hurricane-michael,wind,Full dataset\train\train\images\hurricane-michael_00000388_pre_disaster.png,Full dataset\train\train\images\hurricane-michael_00000388_post_disaster.png,Full dataset\train\train\labels\hurricane-michael_00000388_pre_disaster.json,Full dataset\train\train\labels\hurricane-michael_00000388_post_disaster.json,81,55,24,2,0
hurricane-harvey_00000439,major-damage,major_damage,hurricane-harvey,flooding,Full dataset\train\train\images\hurricane-harvey_00000439_pre_disaster.png,Full dataset\train\train\images\hurricane-harvey_00000439_post_disaster.png,Full dataset\train\train\labels\hurricane-harvey_00000439_pre_disaster.json,Full dataset\train\train\labels\hurricane-harvey_00000439_post_disaster.json,189,4,42,143,0
hurricane-florence_00000496,major-damage,major_damage,hurricane-florence,flooding,Full dataset\train\train\images\hurricane-florence_00000496_pre_disaster.png,Full dataset\train\train\images\hurricane-florence_00000496_post_disaster.png,Full dataset\train\train\labels\hurricane-florence_00000496_pre_disaster.json,Full dataset\train\train\labels\hurricane-florence_00000496_post_disaster.json,1,0,0,1,0
hurricane-michael_00000393,major-damage,major_damage,hurricane-michael,wind,Full dataset\train\train\images\hurricane-michael_00000393_pre_disaster.png,Full dataset\train\train\images\hurricane-michael_00000393_post_disaster.png,Full dataset\train\train\labels\hurricane-michael_00000393_pre_disaster.json,Full dataset\train\train\labels\hurricane-michael_00000393_post_disaster.json,1,0,0,1,0
hurricane-harvey_00000043,major-damage,major_damage,hurricane-harvey,flooding,Full dataset\train\train\images\hurricane-harvey_00000043_pre_disaster.png,Full dataset\train\train\images\hurricane-harvey_00000043_post_disaster.png,Full dataset\train\train\labels\hurricane-harvey_00000043_pre_disaster.json,Full dataset\train\train\labels\hurricane-harvey_00000043_post_disaster.json,1,0,0,1,0
hurricane-florence_00000144,major-damage,major_damage,hurricane-florence,flooding,Full dataset\train\train\images\hurricane-florence_00000144_pre_disaster.png,Full dataset\train\train\images\hurricane-florence_00000144_post_disaster.png,Full dataset\train\train\labels\hurricane-florence_00000144_pre_disaster.json,Full dataset\train\train\labels\hurricane-florence_00000144_post_disaster.json,3,2,0,1,0
hurricane-harvey_00000451,major-damage,major_damage,hurricane-harvey,flooding,Full dataset\train\train\images\hurricane-harvey_00000451_pre_disaster.png,Full dataset\train\train\images\hurricane-harvey_00000451_post_disaster.png,Full dataset\train\train\labels\hurricane-harvey_00000451_pre_disaster.json,Full dataset\train\train\labels\hurricane-harvey_00000451_post_disaster.json,250,27,48,175,0
hurricane-florence_00000123,major-damage,major_damage,hurricane-florence,flooding,Full dataset\train\train\images\hurricane-florence_00000123_pre_disaster.png,Full dataset\train\train\images\hurricane-florence_00000123_post_disaster.png,Full dataset\train\train\labels\hurricane-florence_00000123_pre_disaster.json,Full dataset\train\train\labels\hurricane-florence_00000123_post_disaster.json,6,0,0,6,0
hurricane-michael_00000405,major-damage,major_damage,hurricane-michael,wind,Full dataset\train\train\images\hurricane-michael_00000405_pre_disaster.png,Full dataset\train\train\images\hurricane-michael_00000405_post_disaster.png,Full dataset\train\train\labels\hurricane-michael_00000405_pre_disaster.json,Full dataset\train\train\labels\hurricane-michael_00000405_post_disaster.json,70,35,17,18,0
hurricane-michael_00000181,major-damage,major_damage,hurricane-michael,wind,Full dataset\train\train\images\hurricane-michael_00000181_pre_disaster.png,Full dataset\train\train\images\hurricane-michael_00000181_post_disaster.png,Full dataset\train\train\labels\hurricane-michael_00000181_pre_disaster.json,Full dataset\train\train\labels\hurricane-michael_00000181_post_disaster.json,113,65,42,6,0
hurricane-florence_00000411,major-damage,major_damage,hurricane-florence,flooding,Full dataset\train\train\images\hurricane-florence_00000411_pre_disaster.png,Full dataset\train\train\images\hurricane-florence_00000411_post_disaster.png,Full dataset\train\train\labels\hurricane-florence_00000411_pre_disaster.json,Full dataset\train\train\labels\hurricane-florence_00000411_post_disaster.json,32,13,0,19,0
hurricane-harvey_00000480,major-damage,major_damage,hurricane-harvey,flooding,Full dataset\train\train\images\hurricane-harvey_00000480_pre_disaster.png,Full dataset\train\train\images\hurricane-harvey_00000480_post_disaster.png,Full dataset\train\train\labels\hurricane-harvey_00000480_pre_disaster.json,Full dataset\train\train\labels\hurricane-harvey_00000480_post_disaster.json,102,1,40,61,0
hurricane-florence_00000445,major-damage,major_damage,hurricane-florence,flooding,Full dataset\train\train\images\hurricane-florence_00000445_pre_disaster.png,Full dataset\train\train\images\hurricane-florence_00000445_post_disaster.png,Full dataset\train\train\labels\hurricane-florence_00000445_pre_disaster.json,Full dataset\train\train\labels\hurricane-florence_00000445_post_disaster.json,8,0,0,8,0
hurricane-florence_00000065,major-damage,major_damage,hurricane-florence,flooding,Full dataset\train\train\images\hurricane-florence_00000065_pre_disaster.png,Full dataset\train\train\images\hurricane-florence_00000065_post_disaster.png,Full dataset\train\train\labels\hurricane-florence_00000065_pre_disaster.json,Full dataset\train\train\labels\hurricane-florence_00000065_post_disaster.json,2,0,0,2,0
hurricane-harvey_00000030,major-damage,major_damage,hurricane-harvey,flooding,Full dataset\train\train\images\hurricane-harvey_00000030_pre_disaster.png,Full dataset\train\train\images\hurricane-harvey_00000030_post_disaster.png,Full dataset\train\train\labels\hurricane-harvey_00000030_pre_disaster.json,Full dataset\train\train\labels\hurricane-harvey_00000030_post_disaster.json,88,19,49,20,0
hurricane-florence_00000503,major-damage,major_damage,hurricane-florence,flooding,Full dataset\train\train\images\hurricane-florence_00000503_pre_disaster.png,Full dataset\train\train\images\hurricane-florence_00000503_post_disaster.png,Full dataset\train\train\labels\hurricane-florence_00000503_pre_disaster.json,Full dataset\train\train\labels\hurricane-florence_00000503_post_disaster.json,1,0,0,1,0
hurricane-harvey_00000040,major-damage,major_damage,hurricane-harvey,flooding,Full dataset\train\train\images\hurricane-harvey_00000040_pre_disaster.png,Full dataset\train\train\images\hurricane-harvey_00000040_post_disaster.png,Full dataset\train\train\labels\hurricane-harvey_00000040_pre_disaster.json,Full dataset\train\train\labels\hurricane-harvey_00000040_post_disaster.json,14,0,3,11,0
midwest-flooding_00000299,major-damage,major_damage,midwest-flooding,flooding,Full dataset\train\train\images\midwest-flooding_00000299_pre_disaster.png,Full dataset\train\train\images\midwest-flooding_00000299_post_disaster.png,Full dataset\train\train\labels\midwest-flooding_00000299_pre_disaster.json,Full dataset\train\train\labels\midwest-flooding_00000299_post_disaster.json,58,53,3,2,0
hurricane-matthew_00000158,major-damage,major_damage,hurricane-matthew,wind,Full dataset\train\train\images\hurricane-matthew_00000158_pre_disaster.png,Full dataset\train\train\images\hurricane-matthew_00000158_post_disaster.png,Full dataset\train\train\labels\hurricane-matthew_00000158_pre_disaster.json,Full dataset\train\train\labels\hurricane-matthew_00000158_post_disaster.json,535,0,94,441,0
hurricane-harvey_00000492,major-damage,major_damage,hurricane-harvey,flooding,Full dataset\train\train\images\hurricane-harvey_00000492_pre_disaster.png,Full dataset\train\train\images\hurricane-harvey_00000492_post_disaster.png,Full dataset\train\train\labels\hurricane-harvey_00000492_pre_disaster.json,Full dataset\train\train\labels\hurricane-harvey_00000492_post_disaster.json,110,86,6,18,0
hurricane-florence_00000379,major-damage,major_damage,hurricane-florence,flooding,Full dataset\train\train\images\hurricane-florence_00000379_pre_disaster.png,Full dataset\train\train\images\hurricane-florence_00000379_post_disaster.png,Full dataset\train\train\labels\hurricane-florence_00000379_pre_disaster.json,Full dataset\train\train\labels\hurricane-florence_00000379_post_disaster.json,5,1,0,4,0
palu-tsunami_00000005,major-damage,major_damage,palu-tsunami,tsunami,Full dataset\train\train\images\palu-tsunami_00000005_pre_disaster.png,Full dataset\train\train\images\palu-tsunami_00000005_post_disaster.png,Full dataset\train\train\labels\palu-tsunami_00000005_pre_disaster.json,Full dataset\train\train\labels\palu-tsunami_00000005_post_disaster.json,159,158,0,1,0
hurricane-florence_00000431,major-damage,major_damage,hurricane-florence,flooding,Full dataset\train\train\images\hurricane-florence_00000431_pre_disaster.png,Full dataset\train\train\images\hurricane-florence_00000431_post_disaster.png,Full dataset\train\train\labels\hurricane-florence_00000431_pre_disaster.json,Full dataset\train\train\labels\hurricane-florence_00000431_post_disaster.json,1,0,0,1,0
hurricane-matthew_00000034,major-damage,major_damage,hurricane-matthew,wind,Full dataset\train\train\images\hurricane-matthew_00000034_pre_disaster.png,Full dataset\train\train\images\hurricane-matthew_00000034_post_disaster.png,Full dataset\train\train\labels\hurricane-matthew_00000034_pre_disaster.json,Full dataset\train\train\labels\hurricane-matthew_00000034_post_disaster.json,16,2,10,4,0
hurricane-harvey_00000265,major-damage,major_damage,hurricane-harvey,flooding,Full dataset\train\train\images\hurricane-harvey_00000265_pre_disaster.png,Full dataset\train\train\images\hurricane-harvey_00000265_post_disaster.png,Full dataset\train\train\labels\hurricane-harvey_00000265_pre_disaster.json,Full dataset\train\train\labels\hurricane-harvey_00000265_post_disaster.json,38,0,0,38,0
hurricane-harvey_00000243,major-damage,major_damage,hurricane-harvey,flooding,Full dataset\train\train\images\hurricane-harvey_00000243_pre_disaster.png,Full dataset\train\train\images\hurricane-harvey_00000243_post_disaster.png,Full dataset\train\train\labels\hurricane-harvey_00000243_pre_disaster.json,Full dataset\train\train\labels\hurricane-harvey_00000243_post_disaster.json,6,0,0,6,0
hurricane-harvey_00000022,major-damage,major_damage,hurricane-harvey,flooding,Full dataset\train\train\images\hurricane-harvey_00000022_pre_disaster.png,Full dataset\train\train\images\hurricane-harvey_00000022_post_disaster.png,Full dataset\train\train\labels\hurricane-harvey_00000022_pre_disaster.json,Full dataset\train\train\labels\hurricane-harvey_00000022_post_disaster.json,39,18,11,10,0
hurricane-florence_00000460,major-damage,major_damage,hurricane-florence,flooding,Full dataset\train\train\images\hurricane-florence_00000460_pre_disaster.png,Full dataset\train\train\images\hurricane-florence_00000460_post_disaster.png,Full dataset\train\train\labels\hurricane-florence_00000460_pre_disaster.json,Full dataset\train\train\labels\hurricane-florence_00000460_post_disaster.json,9,3,0,6,0
hurricane-florence_00000070,major-damage,major_damage,hurricane-florence,flooding,Full dataset\train\train\images\hurricane-florence_00000070_pre_disaster.png,Full dataset\train\train\images\hurricane-florence_00000070_post_disaster.png,Full dataset\train\train\labels\hurricane-florence_00000070_pre_disaster.json,Full dataset\train\train\labels\hurricane-florence_00000070_post_disaster.json,14,0,1,13,0
hurricane-florence_00000102,major-damage,major_damage,hurricane-florence,flooding,Full dataset\train\train\images\hurricane-florence_00000102_pre_disaster.png,Full dataset\train\train\images\hurricane-florence_00000102_post_disaster.png,Full dataset\train\train\labels\hurricane-florence_00000102_pre_disaster.json,Full dataset\train\train\labels\hurricane-florence_00000102_post_disaster.json,10,0,0,10,0
hurricane-harvey_00000438,major-damage,major_damage,hurricane-harvey,flooding,Full dataset\train\train\images\hurricane-harvey_00000438_pre_disaster.png,Full dataset\train\train\images\hurricane-harvey_00000438_post_disaster.png,Full dataset\train\train\labels\hurricane-harvey_00000438_pre_disaster.json,Full dataset\train\train\labels\hurricane-harvey_00000438_post_disaster.json,144,32,29,83,0
hurricane-harvey_00000045,major-damage,major_damage,hurricane-harvey,flooding,Full dataset\train\train\images\hurricane-harvey_00000045_pre_disaster.png,Full dataset\train\train\images\hurricane-harvey_00000045_post_disaster.png,Full dataset\train\train\labels\hurricane-harvey_00000045_pre_disaster.json,Full dataset\train\train\labels\hurricane-harvey_00000045_post_disaster.json,3,0,0,3,0
hurricane-harvey_00000205,major-damage,major_damage,hurricane-harvey,flooding,Full dataset\train\train\images\hurricane-harvey_00000205_pre_disaster.png,Full dataset\train\train\images\hurricane-harvey_00000205_post_disaster.png,Full dataset\train\train\labels\hurricane-harvey_00000205_pre_disaster.json,Full dataset\train\train\labels\hurricane-harvey_00000205_post_disaster.json,82,0,10,72,0
hurricane-florence_00000114,major-damage,major_damage,hurricane-florence,flooding,Full dataset\train\train\images\hurricane-florence_00000114_pre_disaster.png,Full dataset\train\train\images\hurricane-florence_00000114_post_disaster.png,Full dataset\train\train\labels\hurricane-florence_00000114_pre_disaster.json,Full dataset\train\train\labels\hurricane-florence_00000114_post_disaster.json,11,0,0,11,0
hurricane-michael_00000500,major-damage,major_damage,hurricane-michael,wind,Full dataset\train\train\images\hurricane-michael_00000500_pre_disaster.png,Full dataset\train\train\images\hurricane-michael_00000500_post_disaster.png,Full dataset\train\train\labels\hurricane-michael_00000500_pre_disaster.json,Full dataset\train\train\labels\hurricane-michael_00000500_post_disaster.json,66,52,9,5,0
hurricane-florence_00000451,major-damage,major_damage,hurricane-florence,flooding,Full dataset\train\train\images\hurricane-florence_00000451_pre_disaster.png,Full dataset\train\train\images\hurricane-florence_00000451_post_disaster.png,Full dataset\train\train\labels\hurricane-florence_00000451_pre_disaster.json,Full dataset\train\train\labels\hurricane-florence_00000451_post_disaster.json,17,8,2,7,0
hurricane-harvey_00000142,major-damage,major_damage,hurricane-harvey,flooding,Full dataset\train\train\images\hurricane-harvey_00000142_pre_disaster.png,Full dataset\train\train\images\hurricane-harvey_00000142_post_disaster.png,Full dataset\train\train\labels\hurricane-harvey_00000142_pre_disaster.json,Full dataset\train\train\labels\hurricane-harvey_00000142_post_disaster.json,244,0,18,226,0
hurricane-florence_00000461,major-damage,major_damage,hurricane-florence,flooding,Full dataset\train\train\images\hurricane-florence_00000461_pre_disaster.png,Full dataset\train\train\images\hurricane-florence_00000461_post_disaster.png,Full dataset\train\train\labels\hurricane-florence_00000461_pre_disaster.json,Full dataset\train\train\labels\hurricane-florence_00000461_post_disaster.json,12,0,0,12,0
hurricane-michael_00000505,major-damage,major_damage,hurricane-michael,wind,Full dataset\train\train\images\hurricane-michael_00000505_pre_disaster.png,Full dataset\train\train\images\hurricane-michael_00000505_post_disaster.png,Full dataset\train\train\labels\hurricane-michael_00000505_pre_disaster.json,Full dataset\train\train\labels\hurricane-michael_00000505_post_disaster.json,67,47,12,8,0
hurricane-florence_00000325,major-damage,major_damage,hurricane-florence,flooding,Full dataset\train\train\images\hurricane-florence_00000325_pre_disaster.png,Full dataset\train\train\images\hurricane-florence_00000325_post_disaster.png,Full dataset\train\train\labels\hurricane-florence_00000325_pre_disaster.json,Full dataset\train\train\labels\hurricane-florence_00000325_post_disaster.json,42,34,1,7,0
hurricane-florence_00000153,major-damage,major_damage,hurricane-florence,flooding,Full dataset\train\train\images\hurricane-florence_00000153_pre_disaster.png,Full dataset\train\train\images\hurricane-florence_00000153_post_disaster.png,Full dataset\train\train\labels\hurricane-florence_00000153_pre_disaster.json,Full dataset\train\train\labels\hurricane-florence_00000153_post_disaster.json,16,0,3,13,0
hurricane-florence_00000369,major-damage,major_damage,hurricane-florence,flooding,Full dataset\train\train\images\hurricane-florence_00000369_pre_disaster.png,Full dataset\train\train\images\hurricane-florence_00000369_post_disaster.png,Full dataset\train\train\labels\hurricane-florence_00000369_pre_disaster.json,Full dataset\train\train\labels\hurricane-florence_00000369_post_disaster.json,4,0,0,4,0
hurricane-florence_00000158,major-damage,major_damage,hurricane-florence,flooding,Full dataset\train\train\images\hurricane-florence_00000158_pre_disaster.png,Full dataset\train\train\images\hurricane-florence_00000158_post_disaster.png,Full dataset\train\train\labels\hurricane-florence_00000158_pre_disaster.json,Full dataset\train\train\labels\hurricane-florence_00000158_post_disaster.json,4,0,0,4,0
midwest-flooding_00000328,major-damage,major_damage,midwest-flooding,flooding,Full dataset\train\train\images\midwest-flooding_00000328_pre_disaster.png,Full dataset\train\train\images\midwest-flooding_00000328_post_disaster.png,Full dataset\train\train\labels\midwest-flooding_00000328_pre_disaster.json,Full dataset\train\train\labels\midwest-flooding_00000328_post_disaster.json,9,7,0,2,0
hurricane-harvey_00000015,major-damage,major_damage,hurricane-harvey,flooding,Full dataset\train\train\images\hurricane-harvey_00000015_pre_disaster.png,Full dataset\train\train\images\hurricane-harvey_00000015_post_disaster.png,Full dataset\train\train\labels\hurricane-harvey_00000015_pre_disaster.json,Full dataset\train\train\labels\hurricane-harvey_00000015_post_disaster.json,177,167,1,9,0
hurricane-harvey_00000419,major-damage,major_damage,hurricane-harvey,flooding,Full dataset\train\train\images\hurricane-harvey_00000419_pre_disaster.png,Full dataset\train\train\images\hurricane-harvey_00000419_post_disaster.png,Full dataset\train\train\labels\hurricane-harvey_00000419_pre_disaster.json,Full dataset\train\train\labels\hurricane-harvey_00000419_post_disaster.json,234,0,6,228,0
hurricane-florence_00000517,major-damage,major_damage,hurricane-florence,flooding,Full dataset\train\train\images\hurricane-florence_00000517_pre_disaster.png,Full dataset\train\train\images\hurricane-florence_00000517_post_disaster.png,Full dataset\train\train\labels\hurricane-florence_00000517_pre_disaster.json,Full dataset\train\train\labels\hurricane-florence_00000517_post_disaster.json,17,15,0,2,0
hurricane-harvey_00000107,major-damage,major_damage,hurricane-harvey,flooding,Full dataset\train\train\images\hurricane-harvey_00000107_pre_disaster.png,Full dataset\train\train\images\hurricane-harvey_00000107_post_disaster.png,Full dataset\train\train\labels\hurricane-harvey_00000107_pre_disaster.json,Full dataset\train\train\labels\hurricane-harvey_00000107_post_disaster.json,13,0,0,13,0
hurricane-harvey_00000495,major-damage,major_damage,hurricane-harvey,flooding,Full dataset\train\train\images\hurricane-harvey_00000495_pre_disaster.png,Full dataset\train\train\images\hurricane-harvey_00000495_post_disaster.png,Full dataset\train\train\labels\hurricane-harvey_00000495_pre_disaster.json,Full dataset\train\train\labels\hurricane-harvey_00000495_post_disaster.json,76,69,5,2,0
hurricane-florence_00000136,major-damage,major_damage,hurricane-florence,flooding,Full dataset\train\train\images\hurricane-florence_00000136_pre_disaster.png,Full dataset\train\train\images\hurricane-florence_00000136_post_disaster.png,Full dataset\train\train\labels\hurricane-florence_00000136_pre_disaster.json,Full dataset\train\train\labels\hurricane-florence_00000136_post_disaster.json,2,0,0,2,0
hurricane-michael_00000357,major-damage,major_damage,hurricane-michael,wind,Full dataset\train\train\images\hurricane-michael_00000357_pre_disaster.png,Full dataset\train\train\images\hurricane-michael_00000357_post_disaster.png,Full dataset\train\train\labels\hurricane-michael_00000357_pre_disaster.json,Full dataset\train\train\labels\hurricane-michael_00000357_post_disaster.json,119,93,25,1,0
hurricane-harvey_00000228,major-damage,major_damage,hurricane-harvey,flooding,Full dataset\train\train\images\hurricane-harvey_00000228_pre_disaster.png,Full dataset\train\train\images\hurricane-harvey_00000228_post_disaster.png,Full dataset\train\train\labels\hurricane-harvey_00000228_pre_disaster.json,Full dataset\train\train\labels\hurricane-harvey_00000228_post_disaster.json,3,1,0,2,0
hurricane-florence_00000492,major-damage,major_damage,hurricane-florence,flooding,Full dataset\train\train\images\hurricane-florence_00000492_pre_disaster.png,Full dataset\train\train\images\hurricane-florence_00000492_post_disaster.png,Full dataset\train\train\labels\hurricane-florence_00000492_pre_disaster.json,Full dataset\train\train\labels\hurricane-florence_00000492_post_disaster.json,4,0,0,4,0
hurricane-florence_00000394,major-damage,major_damage,hurricane-florence,flooding,Full dataset\train\train\images\hurricane-florence_00000394_pre_disaster.png,Full dataset\train\train\images\hurricane-florence_00000394_post_disaster.png,Full dataset\train\train\labels\hurricane-florence_00000394_pre_disaster.json,Full dataset\train\train\labels\hurricane-florence_00000394_post_disaster.json,5,0,0,5,0
hurricane-florence_00000344,major-damage,major_damage,hurricane-florence,flooding,Full dataset\train\train\images\hurricane-florence_00000344_pre_disaster.png,Full dataset\train\train\images\hurricane-florence_00000344_post_disaster.png,Full dataset\train\train\labels\hurricane-florence_00000344_pre_disaster.json,Full dataset\train\train\labels\hurricane-florence_00000344_post_disaster.json,9,4,4,1,0
hurricane-harvey_00000203,major-damage,major_damage,hurricane-harvey,flooding,Full dataset\train\train\images\hurricane-harvey_00000203_pre_disaster.png,Full dataset\train\train\images\hurricane-harvey_00000203_post_disaster.png,Full dataset\train\train\labels\hurricane-harvey_00000203_pre_disaster.json,Full dataset\train\train\labels\hurricane-harvey_00000203_post_disaster.json,6,0,0,6,0
hurricane-florence_00000049,major-damage,major_damage,hurricane-florence,flooding,Full dataset\train\train\images\hurricane-florence_00000049_pre_disaster.png,Full dataset\train\train\images\hurricane-florence_00000049_post_disaster.png,Full dataset\train\train\labels\hurricane-florence_00000049_pre_disaster.json,Full dataset\train\train\labels\hurricane-florence_00000049_post_disaster.json,3,0,0,3,0
hurricane-michael_00000412,major-damage,major_damage,hurricane-michael,wind,Full dataset\train\train\images\hurricane-michael_00000412_pre_disaster.png,Full dataset\train\train\images\hurricane-michael_00000412_post_disaster.png,Full dataset\train\train\labels\hurricane-michael_00000412_pre_disaster.json,Full dataset\train\train\labels\hurricane-michael_00000412_post_disaster.json,22,14,7,1,0
hurricane-michael_00000446,major-damage,major_damage,hurricane-michael,wind,Full dataset\train\train\images\hurricane-michael_00000446_pre_disaster.png,Full dataset\train\train\images\hurricane-michael_00000446_post_disaster.png,Full dataset\train\train\labels\hurricane-michael_00000446_pre_disaster.json,Full dataset\train\train\labels\hurricane-michael_00000446_post_disaster.json,91,72,12,7,0
hurricane-florence_00000263,major-damage,major_damage,hurricane-florence,flooding,Full dataset\train\train\images\hurricane-florence_00000263_pre_disaster.png,Full dataset\train\train\images\hurricane-florence_00000263_post_disaster.png,Full dataset\train\train\labels\hurricane-florence_00000263_pre_disaster.json,Full dataset\train\train\labels\hurricane-florence_00000263_post_disaster.json,1,0,0,1,0
hurricane-michael_00000521,major-damage,major_damage,hurricane-michael,wind,Full dataset\train\train\images\hurricane-michael_00000521_pre_disaster.png,Full dataset\train\train\images\hurricane-michael_00000521_post_disaster.png,Full dataset\train\train\labels\hurricane-michael_00000521_pre_disaster.json,Full dataset\train\train\labels\hurricane-michael_00000521_post_disaster.json,197,176,15,6,0
hurricane-michael_00000345,major-damage,major_damage,hurricane-michael,wind,Full dataset\train\train\images\hurricane-michael_00000345_pre_disaster.png,Full dataset\train\train\images\hurricane-michael_00000345_post_disaster.png,Full dataset\train\train\labels\hurricane-michael_00000345_pre_disaster.json,Full dataset\train\train\labels\hurricane-michael_00000345_post_disaster.json,27,21,5,1,0
hurricane-matthew_00000099,major-damage,major_damage,hurricane-matthew,wind,Full dataset\train\train\images\hurricane-matthew_00000099_pre_disaster.png,Full dataset\train\train\images\hurricane-matthew_00000099_post_disaster.png,Full dataset\train\train\labels\hurricane-matthew_00000099_pre_disaster.json,Full dataset\train\train\labels\hurricane-matthew_00000099_post_disaster.json,84,5,76,3,0
hurricane-harvey_00000442,major-damage,major_damage,hurricane-harvey,flooding,Full dataset\train\train\images\hurricane-harvey_00000442_pre_disaster.png,Full dataset\train\train\images\hurricane-harvey_00000442_post_disaster.png,Full dataset\train\train\labels\hurricane-harvey_00000442_pre_disaster.json,Full dataset\train\train\labels\hurricane-harvey_00000442_post_disaster.json,183,73,52,58,0
hurricane-florence_00000452,major-damage,major_damage,hurricane-florence,flooding,Full dataset\train\train\images\hurricane-florence_00000452_pre_disaster.png,Full dataset\train\train\images\hurricane-florence_00000452_post_disaster.png,Full dataset\train\train\labels\hurricane-florence_00000452_pre_disaster.json,Full dataset\train\train\labels\hurricane-florence_00000452_post_disaster.json,19,3,0,16,0
hurricane-harvey_00000019,major-damage,major_damage,hurricane-harvey,flooding,Full dataset\train\train\images\hurricane-harvey_00000019_pre_disaster.png,Full dataset\train\train\images\hurricane-harvey_00000019_post_disaster.png,Full dataset\train\train\labels\hurricane-harvey_00000019_pre_disaster.json,Full dataset\train\train\labels\hurricane-harvey_00000019_post_disaster.json,16,0,0,16,0
hurricane-michael_00000202,major-damage,major_damage,hurricane-michael,wind,Full dataset\train\train\images\hurricane-michael_00000202_pre_disaster.png,Full dataset\train\train\images\hurricane-michael_00000202_post_disaster.png,Full dataset\train\train\labels\hurricane-michael_00000202_pre_disaster.json,Full dataset\train\train\labels\hurricane-michael_00000202_post_disaster.json,101,62,35,4,0
hurricane-florence_00000048,major-damage,major_damage,hurricane-florence,flooding,Full dataset\train\train\images\hurricane-florence_00000048_pre_disaster.png,Full dataset\train\train\images\hurricane-florence_00000048_post_disaster.png,Full dataset\train\train\labels\hurricane-florence_00000048_pre_disaster.json,Full dataset\train\train\labels\hurricane-florence_00000048_post_disaster.json,23,5,5,13,0
hurricane-harvey_00000323,major-damage,major_damage,hurricane-harvey,flooding,Full dataset\train\train\images\hurricane-harvey_00000323_pre_disaster.png,Full dataset\train\train\images\hurricane-harvey_00000323_post_disaster.png,Full dataset\train\train\labels\hurricane-harvey_00000323_pre_disaster.json,Full dataset\train\train\labels\hurricane-harvey_00000323_post_disaster.json,1,0,0,1,0
hurricane-harvey_00000488,major-damage,major_damage,hurricane-harvey,flooding,Full dataset\train\train\images\hurricane-harvey_00000488_pre_disaster.png,Full dataset\train\train\images\hurricane-harvey_00000488_post_disaster.png,Full dataset\train\train\labels\hurricane-harvey_00000488_pre_disaster.json,Full dataset\train\train\labels\hurricane-harvey_00000488_post_disaster.json,171,121,44,6,0
hurricane-michael_00000504,major-damage,major_damage,hurricane-michael,wind,Full dataset\train\train\images\hurricane-michael_00000504_pre_disaster.png,Full dataset\train\train\images\hurricane-michael_00000504_post_disaster.png,Full dataset\train\train\labels\hurricane-michael_00000504_pre_disaster.json,Full dataset\train\train\labels\hurricane-michael_00000504_post_disaster.json,15,10,3,2,0
midwest-flooding_00000144,major-damage,major_damage,midwest-flooding,flooding,Full dataset\train\train\images\midwest-flooding_00000144_pre_disaster.png,Full dataset\train\train\images\midwest-flooding_00000144_post_disaster.png,Full dataset\train\train\labels\midwest-flooding_00000144_pre_disaster.json,Full dataset\train\train\labels\midwest-flooding_00000144_post_disaster.json,3,1,0,2,0
hurricane-florence_00000531,major-damage,major_damage,hurricane-florence,flooding,Full dataset\train\train\images\hurricane-florence_00000531_pre_disaster.png,Full dataset\train\train\images\hurricane-florence_00000531_post_disaster.png,Full dataset\train\train\labels\hurricane-florence_00000531_pre_disaster.json,Full dataset\train\train\labels\hurricane-florence_00000531_post_disaster.json,2,1,0,1,0
hurricane-harvey_00000002,major-damage,major_damage,hurricane-harvey,flooding,Full dataset\train\train\images\hurricane-harvey_00000002_pre_disaster.png,Full dataset\train\train\images\hurricane-harvey_00000002_post_disaster.png,Full dataset\train\train\labels\hurricane-harvey_00000002_pre_disaster.json,Full dataset\train\train\labels\hurricane-harvey_00000002_post_disaster.json,181,176,3,2,0
hurricane-florence_00000459,major-damage,major_damage,hurricane-florence,flooding,Full dataset\train\train\images\hurricane-florence_00000459_pre_disaster.png,Full dataset\train\train\images\hurricane-florence_00000459_post_disaster.png,Full dataset\train\train\labels\hurricane-florence_00000459_pre_disaster.json,Full dataset\train\train\labels\hurricane-florence_00000459_post_disaster.json,56,1,3,52,0
hurricane-michael_00000246,major-damage,major_damage,hurricane-michael,wind,Full dataset\train\train\images\hurricane-michael_00000246_pre_disaster.png,Full dataset\train\train\images\hurricane-michael_00000246_post_disaster.png,Full dataset\train\train\labels\hurricane-michael_00000246_pre_disaster.json,Full dataset\train\train\labels\hurricane-michael_00000246_post_disaster.json,143,77,47,19,0
hurricane-michael_00000417,major-damage,major_damage,hurricane-michael,wind,Full dataset\train\train\images\hurricane-michael_00000417_pre_disaster.png,Full dataset\train\train\images\hurricane-michael_00000417_post_disaster.png,Full dataset\train\train\labels\hurricane-michael_00000417_pre_disaster.json,Full dataset\train\train\labels\hurricane-michael_00000417_post_disaster.json,133,115,17,1,0
hurricane-michael_00000248,major-damage,major_damage,hurricane-michael,wind,Full dataset\train\train\images\hurricane-michael_00000248_pre_disaster.png,Full dataset\train\train\images\hurricane-michael_00000248_post_disaster.png,Full dataset\train\train\labels\hurricane-michael_00000248_pre_disaster.json,Full dataset\train\train\labels\hurricane-michael_00000248_post_disaster.json,29,14,8,7,0
hurricane-harvey_00000335,major-damage,major_damage,hurricane-harvey,flooding,Full dataset\train\train\images\hurricane-harvey_00000335_pre_disaster.png,Full dataset\train\train\images\hurricane-harvey_00000335_post_disaster.png,Full dataset\train\train\labels\hurricane-harvey_00000335_pre_disaster.json,Full dataset\train\train\labels\hurricane-harvey_00000335_post_disaster.json,8,0,6,2,0
midwest-flooding_00000268,major-damage,major_damage,midwest-flooding,flooding,Full dataset\train\train\images\midwest-flooding_00000268_pre_disaster.png,Full dataset\train\train\images\midwest-flooding_00000268_post_disaster.png,Full dataset\train\train\labels\midwest-flooding_00000268_pre_disaster.json,Full dataset\train\train\labels\midwest-flooding_00000268_post_disaster.json,1,0,0,1,0
hurricane-harvey_00000154,major-damage,major_damage,hurricane-harvey,flooding,Full dataset\train\train\images\hurricane-harvey_00000154_pre_disaster.png,Full dataset\train\train\images\hurricane-harvey_00000154_post_disaster.png,Full dataset\train\train\labels\hurricane-harvey_00000154_pre_disaster.json,Full dataset\train\train\labels\hurricane-harvey_00000154_post_disaster.json,33,0,0,33,0
hurricane-matthew_00000103,major-damage,major_damage,hurricane-matthew,wind,Full dataset\train\train\images\hurricane-matthew_00000103_pre_disaster.png,Full dataset\train\train\images\hurricane-matthew_00000103_post_disaster.png,Full dataset\train\train\labels\hurricane-matthew_00000103_pre_disaster.json,Full dataset\train\train\labels\hurricane-matthew_00000103_post_disaster.json,70,0,66,4,0
hurricane-matthew_00000017,major-damage,major_damage,hurricane-matthew,wind,Full dataset\train\train\images\hurricane-matthew_00000017_pre_disaster.png,Full dataset\train\train\images\hurricane-matthew_00000017_post_disaster.png,Full dataset\train\train\labels\hurricane-matthew_00000017_pre_disaster.json,Full dataset\train\train\labels\hurricane-matthew_00000017_post_disaster.json,47,36,10,1,0
hurricane-michael_00000474,major-damage,major_damage,hurricane-michael,wind,Full dataset\train\train\images\hurricane-michael_00000474_pre_disaster.png,Full dataset\train\train\images\hurricane-michael_00000474_post_disaster.png,Full dataset\train\train\labels\hurricane-michael_00000474_pre_disaster.json,Full dataset\train\train\labels\hurricane-michael_00000474_post_disaster.json,155,127,23,5,0
hurricane-michael_00000358,major-damage,major_damage,hurricane-michael,wind,Full dataset\train\train\images\hurricane-michael_00000358_pre_disaster.png,Full dataset\train\train\images\hurricane-michael_00000358_post_disaster.png,Full dataset\train\train\labels\hurricane-michael_00000358_pre_disaster.json,Full dataset\train\train\labels\hurricane-michael_00000358_post_disaster.json,51,43,7,1,0
hurricane-harvey_00000054,major-damage,major_damage,hurricane-harvey,flooding,Full dataset\train\train\images\hurricane-harvey_00000054_pre_disaster.png,Full dataset\train\train\images\hurricane-harvey_00000054_post_disaster.png,Full dataset\train\train\labels\hurricane-harvey_00000054_pre_disaster.json,Full dataset\train\train\labels\hurricane-harvey_00000054_post_disaster.json,2,0,0,2,0
hurricane-florence_00000163,major-damage,major_damage,hurricane-florence,flooding,Full dataset\train\train\images\hurricane-florence_00000163_pre_disaster.png,Full dataset\train\train\images\hurricane-florence_00000163_post_disaster.png,Full dataset\train\train\labels\hurricane-florence_00000163_pre_disaster.json,Full dataset\train\train\labels\hurricane-florence_00000163_post_disaster.json,1,0,0,1,0
hurricane-michael_00000496,major-damage,major_damage,hurricane-michael,wind,Full dataset\train\train\images\hurricane-michael_00000496_pre_disaster.png,Full dataset\train\train\images\hurricane-michael_00000496_post_disaster.png,Full dataset\train\train\labels\hurricane-michael_00000496_pre_disaster.json,Full dataset\train\train\labels\hurricane-michael_00000496_post_disaster.json,124,111,12,1,0
hurricane-matthew_00000041,major-damage,major_damage,hurricane-matthew,wind,Full dataset\train\train\images\hurricane-matthew_00000041_pre_disaster.png,Full dataset\train\train\images\hurricane-matthew_00000041_post_disaster.png,Full dataset\train\train\labels\hurricane-matthew_00000041_pre_disaster.json,Full dataset\train\train\labels\hurricane-matthew_00000041_post_disaster.json,38,10,27,1,0
hurricane-harvey_00000159,major-damage,major_damage,hurricane-harvey,flooding,Full dataset\train\train\images\hurricane-harvey_00000159_pre_disaster.png,Full dataset\train\train\images\hurricane-harvey_00000159_post_disaster.png,Full dataset\train\train\labels\hurricane-harvey_00000159_pre_disaster.json,Full dataset\train\train\labels\hurricane-harvey_00000159_post_disaster.json,128,55,24,49,0
hurricane-michael_00000430,major-damage,major_damage,hurricane-michael,wind,Full dataset\train\train\images\hurricane-michael_00000430_pre_disaster.png,Full dataset\train\train\images\hurricane-michael_00000430_post_disaster.png,Full dataset\train\train\labels\hurricane-michael_00000430_pre_disaster.json,Full dataset\train\train\labels\hurricane-michael_00000430_post_disaster.json,7,3,1,3,0
hurricane-florence_00000219,major-damage,major_damage,hurricane-florence,flooding,Full dataset\train\train\images\hurricane-florence_00000219_pre_disaster.png,Full dataset\train\train\images\hurricane-florence_00000219_post_disaster.png,Full dataset\train\train\labels\hurricane-florence_00000219_pre_disaster.json,Full dataset\train\train\labels\hurricane-florence_00000219_post_disaster.json,4,0,0,4,0
hurricane-matthew_00000045,major-damage,major_damage,hurricane-matthew,wind,Full dataset\train\train\images\hurricane-matthew_00000045_pre_disaster.png,Full dataset\train\train\images\hurricane-matthew_00000045_post_disaster.png,Full dataset\train\train\labels\hurricane-matthew_00000045_pre_disaster.json,Full dataset\train\train\labels\hurricane-matthew_00000045_post_disaster.json,127,10,115,2,0
hurricane-michael_00000275,major-damage,major_damage,hurricane-michael,wind,Full dataset\train\train\images\hurricane-michael_00000275_pre_disaster.png,Full dataset\train\train\images\hurricane-michael_00000275_post_disaster.png,Full dataset\train\train\labels\hurricane-michael_00000275_pre_disaster.json,Full dataset\train\train\labels\hurricane-michael_00000275_post_disaster.json,17,14,2,1,0
hurricane-florence_00000409,major-damage,major_damage,hurricane-florence,flooding,Full dataset\train\train\images\hurricane-florence_00000409_pre_disaster.png,Full dataset\train\train\images\hurricane-florence_00000409_post_disaster.png,Full dataset\train\train\labels\hurricane-florence_00000409_pre_disaster.json,Full dataset\train\train\labels\hurricane-florence_00000409_post_disaster.json,31,8,3,20,0
hurricane-florence_00000148,major-damage,major_damage,hurricane-florence,flooding,Full dataset\train\train\images\hurricane-florence_00000148_pre_disaster.png,Full dataset\train\train\images\hurricane-florence_00000148_post_disaster.png,Full dataset\train\train\labels\hurricane-florence_00000148_pre_disaster.json,Full dataset\train\train\labels\hurricane-florence_00000148_post_disaster.json,6,0,0,6,0
midwest-flooding_00000400,major-damage,major_damage,midwest-flooding,flooding,Full dataset\train\train\images\midwest-flooding_00000400_pre_disaster.png,Full dataset\train\train\images\midwest-flooding_00000400_post_disaster.png,Full dataset\train\train\labels\midwest-flooding_00000400_pre_disaster.json,Full dataset\train\train\labels\midwest-flooding_00000400_post_disaster.json,15,10,3,2,0
hurricane-michael_00000287,major-damage,major_damage,hurricane-michael,wind,Full dataset\train\train\images\hurricane-michael_00000287_pre_disaster.png,Full dataset\train\train\images\hurricane-michael_00000287_post_disaster.png,Full dataset\train\train\labels\hurricane-michael_00000287_pre_disaster.json,Full dataset\train\train\labels\hurricane-michael_00000287_post_disaster.json,107,50,31,26,0
hurricane-florence_00000260,major-damage,major_damage,hurricane-florence,flooding,Full dataset\train\train\images\hurricane-florence_00000260_pre_disaster.png,Full dataset\train\train\images\hurricane-florence_00000260_post_disaster.png,Full dataset\train\train\labels\hurricane-florence_00000260_pre_disaster.json,Full dataset\train\train\labels\hurricane-florence_00000260_post_disaster.json,29,28,0,1,0
hurricane-michael_00000347,major-damage,major_damage,hurricane-michael,wind,Full dataset\train\train\images\hurricane-michael_00000347_pre_disaster.png,Full dataset\train\train\images\hurricane-michael_00000347_post_disaster.png,Full dataset\train\train\labels\hurricane-michael_00000347_pre_disaster.json,Full dataset\train\train\labels\hurricane-michael_00000347_post_disaster.json,78,52,23,3,0
hurricane-matthew_00000084,major-damage,major_damage,hurricane-matthew,wind,Full dataset\train\train\images\hurricane-matthew_00000084_pre_disaster.png,Full dataset\train\train\images\hurricane-matthew_00000084_post_disaster.png,Full dataset\train\train\labels\hurricane-matthew_00000084_pre_disaster.json,Full dataset\train\train\labels\hurricane-matthew_00000084_post_disaster.json,64,0,61,3,0
hurricane-florence_00000022,major-damage,major_damage,hurricane-florence,flooding,Full dataset\train\train\images\hurricane-florence_00000022_pre_disaster.png,Full dataset\train\train\images\hurricane-florence_00000022_post_disaster.png,Full dataset\train\train\labels\hurricane-florence_00000022_pre_disaster.json,Full dataset\train\train\labels\hurricane-florence_00000022_post_disaster.json,6,0,0,6,0
hurricane-michael_00000166,major-damage,major_damage,hurricane-michael,wind,Full dataset\train\train\images\hurricane-michael_00000166_pre_disaster.png,Full dataset\train\train\images\hurricane-michael_00000166_post_disaster.png,Full dataset\train\train\labels\hurricane-michael_00000166_pre_disaster.json,Full dataset\train\train\labels\hurricane-michael_00000166_post_disaster.json,8,3,1,4,0
hurricane-florence_00000389,major-damage,major_damage,hurricane-florence,flooding,Full dataset\train\train\images\hurricane-florence_00000389_pre_disaster.png,Full dataset\train\train\images\hurricane-florence_00000389_post_disaster.png,Full dataset\train\train\labels\hurricane-florence_00000389_pre_disaster.json,Full dataset\train\train\labels\hurricane-florence_00000389_post_disaster.json,27,0,0,27,0
hurricane-michael_00000311,major-damage,major_damage,hurricane-michael,wind,Full dataset\train\train\images\hurricane-michael_00000311_pre_disaster.png,Full dataset\train\train\images\hurricane-michael_00000311_post_disaster.png,Full dataset\train\train\labels\hurricane-michael_00000311_pre_disaster.json,Full dataset\train\train\labels\hurricane-michael_00000311_post_disaster.json,82,55,21,6,0
hurricane-michael_00000047,major-damage,major_damage,hurricane-michael,wind,Full dataset\train\train\images\hurricane-michael_00000047_pre_disaster.png,Full dataset\train\train\images\hurricane-michael_00000047_post_disaster.png,Full dataset\train\train\labels\hurricane-michael_00000047_pre_disaster.json,Full dataset\train\train\labels\hurricane-michael_00000047_post_disaster.json,9,5,2,2,0
hurricane-harvey_00000346,major-damage,major_damage,hurricane-harvey,flooding,Full dataset\train\train\images\hurricane-harvey_00000346_pre_disaster.png,Full dataset\train\train\images\hurricane-harvey_00000346_post_disaster.png,Full dataset\train\train\labels\hurricane-harvey_00000346_pre_disaster.json,Full dataset\train\train\labels\hurricane-harvey_00000346_post_disaster.json,49,28,5,16,0
hurricane-florence_00000062,major-damage,major_damage,hurricane-florence,flooding,Full dataset\train\train\images\hurricane-florence_00000062_pre_disaster.png,Full dataset\train\train\images\hurricane-florence_00000062_post_disaster.png,Full dataset\train\train\labels\hurricane-florence_00000062_pre_disaster.json,Full dataset\train\train\labels\hurricane-florence_00000062_post_disaster.json,6,5,0,1,0
hurricane-harvey_00000520,major-damage,major_damage,hurricane-harvey,flooding,Full dataset\train\train\images\hurricane-harvey_00000520_pre_disaster.png,Full dataset\train\train\images\hurricane-harvey_00000520_post_disaster.png,Full dataset\train\train\labels\hurricane-harvey_00000520_pre_disaster.json,Full dataset\train\train\labels\hurricane-harvey_00000520_post_disaster.json,1,0,0,1,0
hurricane-matthew_00000071,major-damage,major_damage,hurricane-matthew,wind,Full dataset\train\train\images\hurricane-matthew_00000071_pre_disaster.png,Full dataset\train\train\images\hurricane-matthew_00000071_post_disaster.png,Full dataset\train\train\labels\hurricane-matthew_00000071_pre_disaster.json,Full dataset\train\train\labels\hurricane-matthew_00000071_post_disaster.json,132,39,92,1,0
hurricane-harvey_00000440,major-damage,major_damage,hurricane-harvey,flooding,Full dataset\train\train\images\hurricane-harvey_00000440_pre_disaster.png,Full dataset\train\train\images\hurricane-harvey_00000440_post_disaster.png,Full dataset\train\train\labels\hurricane-harvey_00000440_pre_disaster.json,Full dataset\train\train\labels\hurricane-harvey_00000440_post_disaster.json,88,29,16,43,0
hurricane-harvey_00000271,major-damage,major_damage,hurricane-harvey,flooding,Full dataset\train\train\images\hurricane-harvey_00000271_pre_disaster.png,Full dataset\train\train\images\hurricane-harvey_00000271_post_disaster.png,Full dataset\train\train\labels\hurricane-harvey_00000271_pre_disaster.json,Full dataset\train\train\labels\hurricane-harvey_00000271_post_disaster.json,6,0,1,5,0
hurricane-michael_00000514,major-damage,major_damage,hurricane-michael,wind,Full dataset\train\train\images\hurricane-michael_00000514_pre_disaster.png,Full dataset\train\train\images\hurricane-michael_00000514_post_disaster.png,Full dataset\train\train\labels\hurricane-michael_00000514_pre_disaster.json,Full dataset\train\train\labels\hurricane-michael_00000514_post_disaster.json,30,28,1,1,0
hurricane-harvey_00000317,major-damage,major_damage,hurricane-harvey,flooding,Full dataset\train\train\images\hurricane-harvey_00000317_pre_disaster.png,Full dataset\train\train\images\hurricane-harvey_00000317_post_disaster.png,Full dataset\train\train\labels\hurricane-harvey_00000317_pre_disaster.json,Full dataset\train\train\labels\hurricane-harvey_00000317_post_disaster.json,41,0,9,32,0
hurricane-michael_00000415,major-damage,major_damage,hurricane-michael,wind,Full dataset\train\train\images\hurricane-michael_00000415_pre_disaster.png,Full dataset\train\train\images\hurricane-michael_00000415_post_disaster.png,Full dataset\train\train\labels\hurricane-michael_00000415_pre_disaster.json,Full dataset\train\train\labels\hurricane-michael_00000415_post_disaster.json,31,19,6,6,0
hurricane-florence_00000449,major-damage,major_damage,hurricane-florence,flooding,Full dataset\train\train\images\hurricane-florence_00000449_pre_disaster.png,Full dataset\train\train\images\hurricane-florence_00000449_post_disaster.png,Full dataset\train\train\labels\hurricane-florence_00000449_pre_disaster.json,Full dataset\train\train\labels\hurricane-florence_00000449_post_disaster.json,27,4,4,19,0
midwest-flooding_00000230,major-damage,major_damage,midwest-flooding,flooding,Full dataset\train\train\images\midwest-flooding_00000230_pre_disaster.png,Full dataset\train\train\images\midwest-flooding_00000230_post_disaster.png,Full dataset\train\train\labels\midwest-flooding_00000230_pre_disaster.json,Full dataset\train\train\labels\midwest-flooding_00000230_post_disaster.json,39,30,0,9,0
hurricane-harvey_00000502,major-damage,major_damage,hurricane-harvey,flooding,Full dataset\train\train\images\hurricane-harvey_00000502_pre_disaster.png,Full dataset\train\train\images\hurricane-harvey_00000502_post_disaster.png,Full dataset\train\train\labels\hurricane-harvey_00000502_pre_disaster.json,Full dataset\train\train\labels\hurricane-harvey_00000502_post_disaster.json,210,0,0,210,0
hurricane-florence_00000151,major-damage,major_damage,hurricane-florence,flooding,Full dataset\train\train\images\hurricane-florence_00000151_pre_disaster.png,Full dataset\train\train\images\hurricane-florence_00000151_post_disaster.png,Full dataset\train\train\labels\hurricane-florence_00000151_pre_disaster.json,Full dataset\train\train\labels\hurricane-florence_00000151_post_disaster.json,7,0,0,7,0
hurricane-florence_00000149,major-damage,major_damage,hurricane-florence,flooding,Full dataset\train\train\images\hurricane-florence_00000149_pre_disaster.png,Full dataset\train\train\images\hurricane-florence_00000149_post_disaster.png,Full dataset\train\train\labels\hurricane-florence_00000149_pre_disaster.json,Full dataset\train\train\labels\hurricane-florence_00000149_post_disaster.json,10,0,0,10,0
hurricane-harvey_00000212,major-damage,major_damage,hurricane-harvey,flooding,Full dataset\train\train\images\hurricane-harvey_00000212_pre_disaster.png,Full dataset\train\train\images\hurricane-harvey_00000212_post_disaster.png,Full dataset\train\train\labels\hurricane-harvey_00000212_pre_disaster.json,Full dataset\train\train\labels\hurricane-harvey_00000212_post_disaster.json,13,0,0,13,0
hurricane-harvey_00000519,major-damage,major_damage,hurricane-harvey,flooding,Full dataset\train\train\images\hurricane-harvey_00000519_pre_disaster.png,Full dataset\train\train\images\hurricane-harvey_00000519_post_disaster.png,Full dataset\train\train\labels\hurricane-harvey_00000519_pre_disaster.json,Full dataset\train\train\labels\hurricane-harvey_00000519_post_disaster.json,9,7,1,1,0
hurricane-florence_00000433,major-damage,major_damage,hurricane-florence,flooding,Full dataset\train\train\images\hurricane-florence_00000433_pre_disaster.png,Full dataset\train\train\images\hurricane-florence_00000433_post_disaster.png,Full dataset\train\train\labels\hurricane-florence_00000433_pre_disaster.json,Full dataset\train\train\labels\hurricane-florence_00000433_post_disaster.json,61,0,0,61,0
hurricane-harvey_00000266,major-damage,major_damage,hurricane-harvey,flooding,Full dataset\train\train\images\hurricane-harvey_00000266_pre_disaster.png,Full dataset\train\train\images\hurricane-harvey_00000266_post_disaster.png,Full dataset\train\train\labels\hurricane-harvey_00000266_pre_disaster.json,Full dataset\train\train\labels\hurricane-harvey_00000266_post_disaster.json,1,0,0,1,0
hurricane-harvey_00000255,major-damage,major_damage,hurricane-harvey,flooding,Full dataset\train\train\images\hurricane-harvey_00000255_pre_disaster.png,Full dataset\train\train\images\hurricane-harvey_00000255_post_disaster.png,Full dataset\train\train\labels\hurricane-harvey_00000255_pre_disaster.json,Full dataset\train\train\labels\hurricane-harvey_00000255_post_disaster.json,10,0,0,10,0
mexico-earthquake_00000052,major-damage,major_damage,mexico-earthquake,earthquake,Full dataset\train\train\images\mexico-earthquake_00000052_pre_disaster.png,Full dataset\train\train\images\mexico-earthquake_00000052_post_disaster.png,Full dataset\train\train\labels\mexico-earthquake_00000052_pre_disaster.json,Full dataset\train\train\labels\mexico-earthquake_00000052_post_disaster.json,854,837,12,5,0
hurricane-michael_00000119,major-damage,major_damage,hurricane-michael,wind,Full dataset\train\train\images\hurricane-michael_00000119_pre_disaster.png,Full dataset\train\train\images\hurricane-michael_00000119_post_disaster.png,Full dataset\train\train\labels\hurricane-michael_00000119_pre_disaster.json,Full dataset\train\train\labels\hurricane-michael_00000119_post_disaster.json,47,29,9,9,0
hurricane-matthew_00000094,major-damage,major_damage,hurricane-matthew,wind,Full dataset\train\train\images\hurricane-matthew_00000094_pre_disaster.png,Full dataset\train\train\images\hurricane-matthew_00000094_post_disaster.png,Full dataset\train\train\labels\hurricane-matthew_00000094_pre_disaster.json,Full dataset\train\train\labels\hurricane-matthew_00000094_post_disaster.json,51,0,44,7,0
hurricane-florence_00000500,major-damage,major_damage,hurricane-florence,flooding,Full dataset\train\train\images\hurricane-florence_00000500_pre_disaster.png,Full dataset\train\train\images\hurricane-florence_00000500_post_disaster.png,Full dataset\train\train\labels\hurricane-florence_00000500_pre_disaster.json,Full dataset\train\train\labels\hurricane-florence_00000500_post_disaster.json,7,0,0,7,0
hurricane-michael_00000541,major-damage,major_damage,hurricane-michael,wind,Full dataset\train\train\images\hurricane-michael_00000541_pre_disaster.png,Full dataset\train\train\images\hurricane-michael_00000541_post_disaster.png,Full dataset\train\train\labels\hurricane-michael_00000541_pre_disaster.json,Full dataset\train\train\labels\hurricane-michael_00000541_post_disaster.json,8,6,1,1,0
hurricane-michael_00000046,major-damage,major_damage,hurricane-michael,wind,Full dataset\train\train\images\hurricane-michael_00000046_pre_disaster.png,Full dataset\train\train\images\hurricane-michael_00000046_post_disaster.png,Full dataset\train\train\labels\hurricane-michael_00000046_pre_disaster.json,Full dataset\train\train\labels\hurricane-michael_00000046_post_disaster.json,64,28,35,1,0
hurricane-florence_00000476,major-damage,major_damage,hurricane-florence,flooding,Full dataset\train\train\images\hurricane-florence_00000476_pre_disaster.png,Full dataset\train\train\images\hurricane-florence_00000476_post_disaster.png,Full dataset\train\train\labels\hurricane-florence_00000476_pre_disaster.json,Full dataset\train\train\labels\hurricane-florence_00000476_post_disaster.json,8,0,0,8,0
hurricane-florence_00000252,major-damage,major_damage,hurricane-florence,flooding,Full dataset\train\train\images\hurricane-florence_00000252_pre_disaster.png,Full dataset\train\train\images\hurricane-florence_00000252_post_disaster.png,Full dataset\train\train\labels\hurricane-florence_00000252_pre_disaster.json,Full dataset\train\train\labels\hurricane-florence_00000252_post_disaster.json,1,0,0,1,0
hurricane-florence_00000506,major-damage,major_damage,hurricane-florence,flooding,Full dataset\train\train\images\hurricane-florence_00000506_pre_disaster.png,Full dataset\train\train\images\hurricane-florence_00000506_post_disaster.png,Full dataset\train\train\labels\hurricane-florence_00000506_pre_disaster.json,Full dataset\train\train\labels\hurricane-florence_00000506_post_disaster.json,8,0,0,8,0
hurricane-harvey_00000060,major-damage,major_damage,hurricane-harvey,flooding,Full dataset\train\train\images\hurricane-harvey_00000060_pre_disaster.png,Full dataset\train\train\images\hurricane-harvey_00000060_post_disaster.png,Full dataset\train\train\labels\hurricane-harvey_00000060_pre_disaster.json,Full dataset\train\train\labels\hurricane-harvey_00000060_post_disaster.json,2,0,1,1,0
hurricane-florence_00000529,major-damage,major_damage,hurricane-florence,flooding,Full dataset\train\train\images\hurricane-florence_00000529_pre_disaster.png,Full dataset\train\train\images\hurricane-florence_00000529_post_disaster.png,Full dataset\train\train\labels\hurricane-florence_00000529_pre_disaster.json,Full dataset\train\train\labels\hurricane-florence_00000529_post_disaster.json,19,18,0,1,0
midwest-flooding_00000239,major-damage,major_damage,midwest-flooding,flooding,Full dataset\train\train\images\midwest-flooding_00000239_pre_disaster.png,Full dataset\train\train\images\midwest-flooding_00000239_post_disaster.png,Full dataset\train\train\labels\midwest-flooding_00000239_pre_disaster.json,Full dataset\train\train\labels\midwest-flooding_00000239_post_disaster.json,15,12,1,2,0
hurricane-harvey_00000066,major-damage,major_damage,hurricane-harvey,flooding,Full dataset\train\train\images\hurricane-harvey_00000066_pre_disaster.png,Full dataset\train\train\images\hurricane-harvey_00000066_post_disaster.png,Full dataset\train\train\labels\hurricane-harvey_00000066_pre_disaster.json,Full dataset\train\train\labels\hurricane-harvey_00000066_post_disaster.json,14,5,7,2,0
hurricane-michael_00000208,major-damage,major_damage,hurricane-michael,wind,Full dataset\train\train\images\hurricane-michael_00000208_pre_disaster.png,Full dataset\train\train\images\hurricane-michael_00000208_post_disaster.png,Full dataset\train\train\labels\hurricane-michael_00000208_pre_disaster.json,Full dataset\train\train\labels\hurricane-michael_00000208_post_disaster.json,11,7,3,1,0
hurricane-harvey_00000357,major-damage,major_damage,hurricane-harvey,flooding,Full dataset\train\train\images\hurricane-harvey_00000357_pre_disaster.png,Full dataset\train\train\images\hurricane-harvey_00000357_post_disaster.png,Full dataset\train\train\labels\hurricane-harvey_00000357_pre_disaster.json,Full dataset\train\train\labels\hurricane-harvey_00000357_post_disaster.json,152,28,32,92,0
hurricane-michael_00000411,major-damage,major_damage,hurricane-michael,wind,Full dataset\train\train\images\hurricane-michael_00000411_pre_disaster.png,Full dataset\train\train\images\hurricane-michael_00000411_post_disaster.png,Full dataset\train\train\labels\hurricane-michael_00000411_pre_disaster.json,Full dataset\train\train\labels\hurricane-michael_00000411_post_disaster.json,50,35,12,3,0
hurricane-florence_00000255,major-damage,major_damage,hurricane-florence,flooding,Full dataset\train\train\images\hurricane-florence_00000255_pre_disaster.png,Full dataset\train\train\images\hurricane-florence_00000255_post_disaster.png,Full dataset\train\train\labels\hurricane-florence_00000255_pre_disaster.json,Full dataset\train\train\labels\hurricane-florence_00000255_post_disaster.json,2,0,0,2,0
hurricane-florence_00000501,major-damage,major_damage,hurricane-florence,flooding,Full dataset\train\train\images\hurricane-florence_00000501_pre_disaster.png,Full dataset\train\train\images\hurricane-florence_00000501_post_disaster.png,Full dataset\train\train\labels\hurricane-florence_00000501_pre_disaster.json,Full dataset\train\train\labels\hurricane-florence_00000501_post_disaster.json,3,0,0,3,0
hurricane-harvey_00000269,major-damage,major_damage,hurricane-harvey,flooding,Full dataset\train\train\images\hurricane-harvey_00000269_pre_disaster.png,Full dataset\train\train\images\hurricane-harvey_00000269_post_disaster.png,Full dataset\train\train\labels\hurricane-harvey_00000269_pre_disaster.json,Full dataset\train\train\labels\hurricane-harvey_00000269_post_disaster.json,15,0,0,15,0
hurricane-harvey_00000001,major-damage,major_damage,hurricane-harvey,flooding,Full dataset\train\train\images\hurricane-harvey_00000001_pre_disaster.png,Full dataset\train\train\images\hurricane-harvey_00000001_post_disaster.png,Full dataset\train\train\labels\hurricane-harvey_00000001_pre_disaster.json,Full dataset\train\train\labels\hurricane-harvey_00000001_post_disaster.json,135,62,64,9,0
